sweep_root,metrics_path,experiment_name,seed,target_env,source_envs,contrastive_loss_type,lambda_supcon,lambda_supcon_warmup_epochs,lambda_supcon_target,lambda_supcon_effective,temperature,batch_size,sampler_mode,include_same_domain_same_class,supcon_positive_mode,lambda_pair_margin,effective_pair_margin_weight,prototype_num_subcenters,selection_metric,best_val_score,best_val_accuracy,test_accuracy,test_f1_macro,test_precision_macro,test_recall_macro,loss_supcon_weighted,loss_supcon_to_ce,supcon_mean_positives_per_anchor,supcon_frac_anchors_with_positive
outputs_supcon_batch_sampler_sweep,outputs_supcon_batch_sampler_sweep\dg_loeo\pa_csi_dg_supcon_lam0050_bs16_domain_balanced_tau020\target_E2\seed_42\metrics.json,pa_csi_dg_supcon_lam0050_bs16_domain_balanced_tau020,42,E2,"[""E1"", ""E3""]",pairwise_supcon,0.05,0,0.05,0.05,0.2,16,domain_balanced,True,all_views,0.0,0.0,0,accuracy,0.9983333333333333,0.9983333333333333,0.8693333333333333,0.8500478862318515,0.8667183833623593,0.84625,0.20352196173464998,0.23900215115484408,51.266666666666666,1.0
outputs_supcon_batch_sampler_sweep,outputs_supcon_batch_sampler_sweep\dg_loeo\pa_csi_dg_supcon_lam0050_bs16_domain_class_balanced_tau020\target_E2\seed_42\metrics.json,pa_csi_dg_supcon_lam0050_bs16_domain_class_balanced_tau020,42,E2,"[""E1"", ""E3""]",pairwise_supcon,0.05,0,0.05,0.05,0.2,16,domain_class_balanced,True,all_views,0.0,0.0,0,accuracy,0.9983333333333333,0.9983333333333333,0.876,0.8535133473817762,0.8573663515675238,0.8533333333333334,0.20674658905952537,0.33564156962431424,51.266666666666666,1.0
outputs_supcon_batch_sampler_sweep,outputs_supcon_batch_sampler_sweep\dg_loeo\pa_csi_dg_supcon_lam0050_bs16_none_tau020\target_E2\seed_42\metrics.json,pa_csi_dg_supcon_lam0050_bs16_none_tau020,42,E2,"[""E1"", ""E3""]",pairwise_supcon,0.05,0,0.05,0.05,0.2,16,none,True,all_views,0.0,0.0,0,accuracy,0.9975,0.9975,0.871,0.8427992605137958,0.8558195126392585,0.8397222222222221,0.20727788755234255,0.20348849316482104,51.266666666666666,1.0
outputs_supcon_batch_sampler_sweep,outputs_supcon_batch_sampler_sweep\dg_loeo\pa_csi_dg_supcon_lam0050_bs32_domain_balanced_tau020\target_E2\seed_42\metrics.json,pa_csi_dg_supcon_lam0050_bs32_domain_balanced_tau020,42,E2,"[""E1"", ""E3""]",pairwise_supcon,0.05,0,0.05,0.05,0.2,32,domain_balanced,True,all_views,0.0,0.0,0,accuracy,0.9983333333333333,0.9983333333333333,0.8723333333333333,0.848677109112292,0.8657100531872599,0.8434722222222222,0.230397407805666,0.1790184989395783,79.85333333333334,1.0
outputs_supcon_batch_sampler_sweep,outputs_supcon_batch_sampler_sweep\dg_loeo\pa_csi_dg_supcon_lam0050_bs32_domain_class_balanced_tau020\target_E2\seed_42\metrics.json,pa_csi_dg_supcon_lam0050_bs32_domain_class_balanced_tau020,42,E2,"[""E1"", ""E3""]",pairwise_supcon,0.05,0,0.05,0.05,0.2,32,domain_class_balanced,True,all_views,0.0,0.0,0,accuracy,1.0,1.0,0.863,0.8466977684140947,0.8607139644779621,0.8438888888888889,0.23520386815071107,0.25724503674421223,79.85333333333334,1.0
outputs_supcon_batch_sampler_sweep,outputs_supcon_batch_sampler_sweep\dg_loeo\pa_csi_dg_supcon_lam0050_bs32_none_tau020\target_E2\seed_42\metrics.json,pa_csi_dg_supcon_lam0050_bs32_none_tau020,42,E2,"[""E1"", ""E3""]",pairwise_supcon,0.05,0,0.05,0.05,0.2,32,none,True,all_views,0.0,0.0,0,accuracy,0.9991666666666666,0.9991666666666666,0.8803333333333333,0.8566959519616817,0.8701199911267512,0.851111111111111,0.23202538794659555,0.28128787799510796,79.85333333333334,1.0
outputs_supcon_batch_sampler_sweep,outputs_supcon_batch_sampler_sweep\dg_loeo\pa_csi_dg_supcon_lam0050_bs8_domain_balanced_tau020\target_E2\seed_42\metrics.json,pa_csi_dg_supcon_lam0050_bs8_domain_balanced_tau020,42,E2,"[""E1"", ""E3""]",pairwise_supcon,0.05,0,0.05,0.05,0.2,8,domain_balanced,True,all_views,0.0,0.0,0,accuracy,0.9983333333333333,0.9983333333333333,0.8706666666666667,0.8457483688354044,0.8551594192311289,0.84,0.17812925755182904,0.20365724854123926,28.653333333333332,1.0
outputs_supcon_batch_sampler_sweep,outputs_supcon_batch_sampler_sweep\dg_loeo\pa_csi_dg_supcon_lam0050_bs8_domain_class_balanced_tau020\target_E2\seed_42\metrics.json,pa_csi_dg_supcon_lam0050_bs8_domain_class_balanced_tau020,42,E2,"[""E1"", ""E3""]",pairwise_supcon,0.05,0,0.05,0.05,0.2,8,domain_class_balanced,True,all_views,0.0,0.0,0,accuracy,0.9983333333333333,0.9983333333333333,0.872,0.8459937352268239,0.854400802636987,0.8415277777777778,0.18189997644424438,0.14778425843994852,28.653333333333332,1.0
outputs_supcon_batch_sampler_sweep,outputs_supcon_batch_sampler_sweep\dg_loeo\pa_csi_dg_supcon_lam0050_bs8_none_tau020\target_E2\seed_42\metrics.json,pa_csi_dg_supcon_lam0050_bs8_none_tau020,42,E2,"[""E1"", ""E3""]",pairwise_supcon,0.05,0,0.05,0.05,0.2,8,none,True,all_views,0.0,0.0,0,accuracy,0.9958333333333333,0.9958333333333333,0.8453333333333334,0.8192960443399632,0.8385705777553288,0.8065277777777777,0.1798637007713318,0.182286198198872,28.653333333333332,1.0
outputs_supcon_batch_sampler_sweep,outputs_supcon_batch_sampler_sweep\dg_loeo\pa_csi_dg_supcon_lam0200_bs16_domain_balanced_tau020\target_E2\seed_42\metrics.json,pa_csi_dg_supcon_lam0200_bs16_domain_balanced_tau020,42,E2,"[""E1"", ""E3""]",pairwise_supcon,0.2,0,0.2,0.2,0.2,16,domain_balanced,True,all_views,0.0,0.0,0,accuracy,0.9991666666666666,0.9991666666666666,0.8693333333333333,0.8453306868319186,0.8521005317491609,0.84625,0.8194669898520126,0.7811719823225609,51.266666666666666,1.0
outputs_supcon_batch_sampler_sweep,outputs_supcon_batch_sampler_sweep\dg_loeo\pa_csi_dg_supcon_lam0200_bs16_domain_class_balanced_tau020\target_E2\seed_42\metrics.json,pa_csi_dg_supcon_lam0200_bs16_domain_class_balanced_tau020,42,E2,"[""E1"", ""E3""]",pairwise_supcon,0.2,0,0.2,0.2,0.2,16,domain_class_balanced,True,all_views,0.0,0.0,0,accuracy,0.9991666666666666,0.9991666666666666,0.8923333333333333,0.8709622928861543,0.8776116772376902,0.8663888888888889,0.8256058165367615,1.1061484713161656,51.266666666666666,1.0
outputs_supcon_batch_sampler_sweep,outputs_supcon_batch_sampler_sweep\dg_loeo\pa_csi_dg_supcon_lam0200_bs16_none_tau020\target_E2\seed_42\metrics.json,pa_csi_dg_supcon_lam0200_bs16_none_tau020,42,E2,"[""E1"", ""E3""]",pairwise_supcon,0.2,0,0.2,0.2,0.2,16,none,True,all_views,0.0,0.0,0,accuracy,0.9991666666666666,0.9991666666666666,0.8903333333333333,0.8668941143816564,0.8698497563722946,0.8669444444444445,0.8302235600796153,0.9503084543703154,51.266666666666666,1.0
outputs_supcon_batch_sampler_sweep,outputs_supcon_batch_sampler_sweep\dg_loeo\pa_csi_dg_supcon_lam0200_bs32_domain_balanced_tau020\target_E2\seed_42\metrics.json,pa_csi_dg_supcon_lam0200_bs32_domain_balanced_tau020,42,E2,"[""E1"", ""E3""]",pairwise_supcon,0.2,0,0.2,0.2,0.2,32,domain_balanced,True,all_views,0.0,0.0,0,accuracy,1.0,1.0,0.899,0.8794470523867411,0.8838703899929493,0.8772222222222222,0.9277834177017212,1.3783883822694982,79.85333333333334,1.0
outputs_supcon_batch_sampler_sweep,outputs_supcon_batch_sampler_sweep\dg_loeo\pa_csi_dg_supcon_lam0200_bs32_domain_class_balanced_tau020\target_E2\seed_42\metrics.json,pa_csi_dg_supcon_lam0200_bs32_domain_class_balanced_tau020,42,E2,"[""E1"", ""E3""]",pairwise_supcon,0.2,0,0.2,0.2,0.2,32,domain_class_balanced,True,all_views,0.0,0.0,0,accuracy,1.0,1.0,0.8756666666666667,0.8547981116500614,0.8590211406139713,0.8527777777777779,0.9273522742251133,1.3406856105513678,79.85333333333334,1.0
outputs_supcon_batch_sampler_sweep,outputs_supcon_batch_sampler_sweep\dg_loeo\pa_csi_dg_supcon_lam0200_bs32_none_tau020\target_E2\seed_42\metrics.json,pa_csi_dg_supcon_lam0200_bs32_none_tau020,42,E2,"[""E1"", ""E3""]",pairwise_supcon,0.2,0,0.2,0.2,0.2,32,none,True,all_views,0.0,0.0,0,accuracy,1.0,1.0,0.8863333333333333,0.8620271663700357,0.8647213929590402,0.8602777777777778,0.9194234061748423,1.1409626185184365,79.85333333333334,1.0
outputs_supcon_batch_sampler_sweep,outputs_supcon_batch_sampler_sweep\dg_loeo\pa_csi_dg_supcon_lam0200_bs8_domain_balanced_tau020\target_E2\seed_42\metrics.json,pa_csi_dg_supcon_lam0200_bs8_domain_balanced_tau020,42,E2,"[""E1"", ""E3""]",pairwise_supcon,0.2,0,0.2,0.2,0.2,8,domain_balanced,True,all_views,0.0,0.0,0,accuracy,0.9975,0.9975,0.8913333333333333,0.8675581522657431,0.8735131308436571,0.8636111111111111,0.7120869720458985,0.5928642817644851,28.653333333333332,1.0
outputs_supcon_batch_sampler_sweep,outputs_supcon_batch_sampler_sweep\dg_loeo\pa_csi_dg_supcon_lam0200_bs8_domain_class_balanced_tau020\target_E2\seed_42\metrics.json,pa_csi_dg_supcon_lam0200_bs8_domain_class_balanced_tau020,42,E2,"[""E1"", ""E3""]",pairwise_supcon,0.2,0,0.2,0.2,0.2,8,domain_class_balanced,True,all_views,0.0,0.0,0,accuracy,0.9983333333333333,0.9983333333333333,0.8856666666666667,0.8618497730208302,0.8648949881796958,0.8602777777777778,0.7112553540547689,1.0339851118504653,28.653333333333332,1.0
outputs_supcon_batch_sampler_sweep,outputs_supcon_batch_sampler_sweep\dg_loeo\pa_csi_dg_supcon_lam0200_bs8_none_tau020\target_E2\seed_42\metrics.json,pa_csi_dg_supcon_lam0200_bs8_none_tau020,42,E2,"[""E1"", ""E3""]",pairwise_supcon,0.2,0,0.2,0.2,0.2,8,none,True,all_views,0.0,0.0,0,accuracy,0.9966666666666667,0.9966666666666667,0.8733333333333333,0.8562068916093954,0.8588228718774658,0.8573611111111111,0.7301112756093344,0.5218086646180314,28.653333333333332,1.0
outputs_supcon_lambda_sweep,outputs_supcon_lambda_sweep\dg_loeo\pa_csi_dg_supcon_lam0000_tau020\target_E2\seed_42\metrics.json,pa_csi_dg_supcon_lam0000_tau020,42,E2,"[""E1"", ""E3""]",pairwise_supcon,0.0,0,0.0,0.0,0.2,16,domain_class_balanced,True,all_views,0.0,0.0,0,accuracy,0.9975,0.9975,0.8663333333333333,0.8436843212718771,0.8457516604725158,0.8427777777777777,0.0,0.0,0.0,0.0
outputs_supcon_lambda_sweep,outputs_supcon_lambda_sweep\dg_loeo\pa_csi_dg_supcon_lam0025_tau020\target_E2\seed_42\metrics.json,pa_csi_dg_supcon_lam0025_tau020,42,E2,"[""E1"", ""E3""]",pairwise_supcon,0.025,0,0.025,0.025,0.2,16,domain_class_balanced,True,all_views,0.0,0.0,0,accuracy,0.9966666666666667,0.9966666666666667,0.852,0.834005763480221,0.8528012214167623,0.8293055555555555,0.1041279639335389,0.10266400900432296,51.266666666666666,1.0
outputs_supcon_lambda_sweep,outputs_supcon_lambda_sweep\dg_loeo\pa_csi_dg_supcon_lam0050_tau020\target_E2\seed_42\metrics.json,pa_csi_dg_supcon_lam0050_tau020,42,E2,"[""E1"", ""E3""]",pairwise_supcon,0.05,0,0.05,0.05,0.2,16,domain_class_balanced,True,all_views,0.0,0.0,0,accuracy,0.9983333333333333,0.9983333333333333,0.8936666666666667,0.8720884415009934,0.8791582984193265,0.8672222222222223,0.2081243010277444,0.2321827097921072,51.266666666666666,1.0
outputs_supcon_lambda_sweep,outputs_supcon_lambda_sweep\dg_loeo\pa_csi_dg_supcon_lam0100_tau020\target_E2\seed_42\metrics.json,pa_csi_dg_supcon_lam0100_tau020,42,E2,"[""E1"", ""E3""]",pairwise_supcon,0.1,0,0.1,0.1,0.2,16,domain_class_balanced,True,all_views,0.0,0.0,0,accuracy,0.9983333333333333,0.9983333333333333,0.8443333333333334,0.8222763277692539,0.8316475042042719,0.8172222222222222,0.41812960683031286,0.37791880246986753,51.266666666666666,1.0
outputs_supcon_lambda_sweep,outputs_supcon_lambda_sweep\dg_loeo\pa_csi_dg_supcon_lam0200_tau020\target_E2\seed_42\metrics.json,pa_csi_dg_supcon_lam0200_tau020,42,E2,"[""E1"", ""E3""]",pairwise_supcon,0.2,0,0.2,0.2,0.2,16,domain_class_balanced,True,all_views,0.0,0.0,0,accuracy,0.9991666666666666,0.9991666666666666,0.8706666666666667,0.8402880265580913,0.8456000257403571,0.8393055555555556,0.8383976091729833,0.7566689003118657,51.266666666666666,1.0
outputs_supcon_lambda_sweep,outputs_supcon_lambda_sweep\dg_loeo\pa_csi_dg_supcon_lam0400_tau020\target_E2\seed_42\metrics.json,pa_csi_dg_supcon_lam0400_tau020,42,E2,"[""E1"", ""E3""]",pairwise_supcon,0.4,0,0.4,0.4,0.2,16,domain_class_balanced,True,all_views,0.0,0.0,0,accuracy,0.9983333333333333,0.9983333333333333,0.9206666666666666,0.9021333012189604,0.9061390347677271,0.9015277777777778,1.6602474796011095,3.013029079128183,51.266666666666666,1.0
outputs_supcon_positive_mask_sweep,outputs_supcon_positive_mask_sweep\dg_loeo\pa_csi_dg_supcon_lam0050_tau020_bs32_domain_class_balanced_incSame0_all_views\target_E2\seed_42\metrics.json,pa_csi_dg_supcon_lam0050_tau020_bs32_domain_class_balanced_incSame0_all_views,42,E2,"[""E1"", ""E3""]",pairwise_supcon,0.05,0,0.05,0.05,0.2,32,domain_class_balanced,False,all_views,0.0,0.0,0,accuracy,0.9975,0.9975,0.8543333333333333,0.8431537692003083,0.8466199603541238,0.8455555555555555,0.22605992403436215,0.31134818823128557,3.0,1.0
outputs_supcon_positive_mask_sweep,outputs_supcon_positive_mask_sweep\dg_loeo\pa_csi_dg_supcon_lam0050_tau020_bs32_domain_class_balanced_incSame0_global_class_instance_views\target_E2\seed_42\metrics.json,pa_csi_dg_supcon_lam0050_tau020_bs32_domain_class_balanced_incSame0_global_class_instance_views,42,E2,"[""E1"", ""E3""]",pairwise_supcon,0.05,0,0.05,0.05,0.2,32,domain_class_balanced,False,global_class_instance_views,0.0,0.0,0,accuracy,0.9991666666666666,0.9991666666666666,0.849,0.8304996678052065,0.8503861519843868,0.8277777777777778,0.21025138548079958,0.19725777784058152,3.0,1.0
outputs_supcon_positive_mask_sweep,outputs_supcon_positive_mask_sweep\dg_loeo\pa_csi_dg_supcon_lam0050_tau020_bs32_domain_class_balanced_incSame1_all_views\target_E2\seed_42\metrics.json,pa_csi_dg_supcon_lam0050_tau020_bs32_domain_class_balanced_incSame1_all_views,42,E2,"[""E1"", ""E3""]",pairwise_supcon,0.05,0,0.05,0.05,0.2,32,domain_class_balanced,True,all_views,0.0,0.0,0,accuracy,0.9975,0.9975,0.865,0.8391230758845011,0.8490182255098214,0.8320833333333333,0.23320226846857275,0.23195042839634897,79.85333333333334,1.0
outputs_supcon_positive_mask_sweep,outputs_supcon_positive_mask_sweep\dg_loeo\pa_csi_dg_supcon_lam0050_tau020_bs32_domain_class_balanced_incSame1_global_class_instance_views\target_E2\seed_42\metrics.json,pa_csi_dg_supcon_lam0050_tau020_bs32_domain_class_balanced_incSame1_global_class_instance_views,42,E2,"[""E1"", ""E3""]",pairwise_supcon,0.05,0,0.05,0.05,0.2,32,domain_class_balanced,True,global_class_instance_views,0.0,0.0,0,accuracy,0.9991666666666666,0.9991666666666666,0.8773333333333333,0.8527228971327069,0.8625480989724593,0.8472222222222222,0.2034392833709717,0.2441453101193591,7.803333333333334,1.0
outputs_supcon_temperature_sweep,outputs_supcon_temperature_sweep\dg_loeo\pa_csi_dg_supcon_lam0050_tau007_bs32_domain_class_balanced\target_E2\seed_42\metrics.json,pa_csi_dg_supcon_lam0050_tau007_bs32_domain_class_balanced,42,E2,"[""E1"", ""E3""]",pairwise_supcon,0.05,0,0.05,0.05,0.07,32,domain_class_balanced,True,all_views,0.0,0.0,0,accuracy,0.9983333333333333,0.9983333333333333,0.869,0.8517072180316042,0.8540236219050045,0.8505555555555556,0.23562930289735187,0.29608414563604535,79.85333333333334,1.0
outputs_supcon_temperature_sweep,outputs_supcon_temperature_sweep\dg_loeo\pa_csi_dg_supcon_lam0050_tau010_bs32_domain_class_balanced\target_E2\seed_42\metrics.json,pa_csi_dg_supcon_lam0050_tau010_bs32_domain_class_balanced,42,E2,"[""E1"", ""E3""]",pairwise_supcon,0.05,0,0.05,0.05,0.1,32,domain_class_balanced,True,all_views,0.0,0.0,0,accuracy,0.9983333333333333,0.9983333333333333,0.8626666666666667,0.8406434528970448,0.8463217084171827,0.8365277777777779,0.23616735364528416,0.23259316856049556,79.85333333333334,1.0
outputs_supcon_temperature_sweep,outputs_supcon_temperature_sweep\dg_loeo\pa_csi_dg_supcon_lam0050_tau020_bs32_domain_class_balanced\target_E2\seed_42\metrics.json,pa_csi_dg_supcon_lam0050_tau020_bs32_domain_class_balanced,42,E2,"[""E1"", ""E3""]",pairwise_supcon,0.05,0,0.05,0.05,0.2,32,domain_class_balanced,True,all_views,0.0,0.0,0,accuracy,0.9991666666666666,0.9991666666666666,0.8916666666666667,0.8703846143534172,0.8745545240972992,0.8673611111111111,0.23260757568034718,0.31011234754587597,79.85333333333334,1.0
outputs_supcon_temperature_sweep,outputs_supcon_temperature_sweep\dg_loeo\pa_csi_dg_supcon_lam0050_tau030_bs32_domain_class_balanced\target_E2\seed_42\metrics.json,pa_csi_dg_supcon_lam0050_tau030_bs32_domain_class_balanced,42,E2,"[""E1"", ""E3""]",pairwise_supcon,0.05,0,0.05,0.05,0.3,32,domain_class_balanced,True,all_views,0.0,0.0,0,accuracy,0.9991666666666666,0.9991666666666666,0.8516666666666667,0.8404510070362784,0.8431081287701478,0.8422222222222223,0.22946618440303396,0.22723637922320905,79.85333333333334,1.0
outputs_supcon_warmup_sweep,outputs_supcon_warmup_sweep\dg_loeo\pa_csi_dg_supcon_lam0050_warm000_tau020_bs32_domain_class_balanced\target_E2\seed_42\metrics.json,pa_csi_dg_supcon_lam0050_warm000_tau020_bs32_domain_class_balanced,42,E2,"[""E1"", ""E3""]",pairwise_supcon,0.05,0,0.05,0.05,0.2,32,domain_class_balanced,True,global_class_instance_views,0.0,0.0,0,accuracy,0.9991666666666666,0.9991666666666666,0.8773333333333333,0.8539290426360759,0.8733506131975036,0.8493055555555555,0.20516167168921615,0.20393283072995513,7.803333333333334,1.0
outputs_supcon_warmup_sweep,outputs_supcon_warmup_sweep\dg_loeo\pa_csi_dg_supcon_lam0050_warm010_tau020_bs32_domain_class_balanced\target_E2\seed_42\metrics.json,pa_csi_dg_supcon_lam0050_warm010_tau020_bs32_domain_class_balanced,42,E2,"[""E1"", ""E3""]",pairwise_supcon,0.05,10,0.05,0.05,0.2,32,domain_class_balanced,True,global_class_instance_views,0.0,0.0,0,accuracy,0.9975,0.9975,0.865,0.8261601696140525,0.8305531614545782,0.8333333333333334,0.20811007809131704,0.22551225600676258,7.803333333333334,1.0
outputs_supcon_warmup_sweep,outputs_supcon_warmup_sweep\dg_loeo\pa_csi_dg_supcon_lam0050_warm020_tau020_bs32_domain_class_balanced\target_E2\seed_42\metrics.json,pa_csi_dg_supcon_lam0050_warm020_tau020_bs32_domain_class_balanced,42,E2,"[""E1"", ""E3""]",pairwise_supcon,0.05,20,0.05,0.05,0.2,32,domain_class_balanced,True,global_class_instance_views,0.0,0.0,0,accuracy,0.9975,0.9975,0.8556666666666667,0.8405076707462028,0.8572369902723497,0.8358333333333333,0.21004128519524923,0.22409987866667316,7.803333333333334,1.0
outputs_supcon_warmup_sweep,outputs_supcon_warmup_sweep\dg_loeo\pa_csi_dg_supcon_lam0050_warm040_tau020_bs32_domain_class_balanced\target_E2\seed_42\metrics.json,pa_csi_dg_supcon_lam0050_warm040_tau020_bs32_domain_class_balanced,42,E2,"[""E1"", ""E3""]",pairwise_supcon,0.05,40,0.05,0.05,0.2,32,domain_class_balanced,True,global_class_instance_views,0.0,0.0,0,accuracy,0.9991666666666666,0.9991666666666666,0.8613333333333333,0.8389516886942219,0.8661869790098239,0.8355555555555556,0.20968747062886017,0.2116843137078586,7.803333333333334,1.0
outputs_supcon_warmup_sweep,outputs_supcon_warmup_sweep\dg_loeo\pa_csi_dg_supcon_lam0100_warm000_tau020_bs32_domain_class_balanced\target_E2\seed_42\metrics.json,pa_csi_dg_supcon_lam0100_warm000_tau020_bs32_domain_class_balanced,42,E2,"[""E1"", ""E3""]",pairwise_supcon,0.1,0,0.1,0.1,0.2,32,domain_class_balanced,True,global_class_instance_views,0.0,0.0,0,accuracy,0.9983333333333333,0.9983333333333333,0.8866666666666667,0.867721457244242,0.8796042718477359,0.8648611111111112,0.4017636268696887,0.46944053159388666,7.803333333333334,1.0
outputs_supcon_warmup_sweep,outputs_supcon_warmup_sweep\dg_loeo\pa_csi_dg_supcon_lam0100_warm010_tau020_bs32_domain_class_balanced\target_E2\seed_42\metrics.json,pa_csi_dg_supcon_lam0100_warm010_tau020_bs32_domain_class_balanced,42,E2,"[""E1"", ""E3""]",pairwise_supcon,0.1,10,0.1,0.1,0.2,32,domain_class_balanced,True,global_class_instance_views,0.0,0.0,0,accuracy,0.9975,0.9975,0.882,0.8578908441021117,0.8675035098039268,0.8562500000000001,0.41688276224947995,0.44023333476152227,7.803333333333334,1.0
outputs_supcon_warmup_sweep,outputs_supcon_warmup_sweep\dg_loeo\pa_csi_dg_supcon_lam0100_warm020_tau020_bs32_domain_class_balanced\target_E2\seed_42\metrics.json,pa_csi_dg_supcon_lam0100_warm020_tau020_bs32_domain_class_balanced,42,E2,"[""E1"", ""E3""]",pairwise_supcon,0.1,20,0.1,0.1,0.2,32,domain_class_balanced,True,global_class_instance_views,0.0,0.0,0,accuracy,0.9983333333333333,0.9983333333333333,0.8526666666666667,0.810906626078138,0.8202594606819166,0.8170833333333333,0.4075870275497437,0.3326454977914996,7.803333333333334,1.0
outputs_supcon_warmup_sweep,outputs_supcon_warmup_sweep\dg_loeo\pa_csi_dg_supcon_lam0100_warm040_tau020_bs32_domain_class_balanced\target_E2\seed_42\metrics.json,pa_csi_dg_supcon_lam0100_warm040_tau020_bs32_domain_class_balanced,42,E2,"[""E1"", ""E3""]",pairwise_supcon,0.1,40,0.1,0.1,0.2,32,domain_class_balanced,True,global_class_instance_views,0.0,0.0,0,accuracy,1.0,1.0,0.849,0.8129955681935086,0.8198110932666928,0.8147222222222222,0.4190038642984756,0.35735879707167195,7.803333333333334,1.0
outputs_supcon_warmup_sweep,outputs_supcon_warmup_sweep\dg_loeo\pa_csi_dg_supcon_lam0200_warm000_tau020_bs32_domain_class_balanced\target_E2\seed_42\metrics.json,pa_csi_dg_supcon_lam0200_warm000_tau020_bs32_domain_class_balanced,42,E2,"[""E1"", ""E3""]",pairwise_supcon,0.2,0,0.2,0.2,0.2,32,domain_class_balanced,True,global_class_instance_views,0.0,0.0,0,accuracy,1.0,1.0,0.8726666666666667,0.8532332763144174,0.859138605592995,0.8519444444444444,0.7869579421712998,0.8357784610244825,7.803333333333334,1.0
outputs_supcon_warmup_sweep,outputs_supcon_warmup_sweep\dg_loeo\pa_csi_dg_supcon_lam0200_warm010_tau020_bs32_domain_class_balanced\target_E2\seed_42\metrics.json,pa_csi_dg_supcon_lam0200_warm010_tau020_bs32_domain_class_balanced,42,E2,"[""E1"", ""E3""]",pairwise_supcon,0.2,10,0.2,0.2,0.2,32,domain_class_balanced,True,global_class_instance_views,0.0,0.0,0,accuracy,1.0,1.0,0.886,0.8656807467370182,0.881832699910496,0.8624999999999999,0.7987336336298192,0.9899376037914891,7.803333333333334,1.0
outputs_supcon_warmup_sweep,outputs_supcon_warmup_sweep\dg_loeo\pa_csi_dg_supcon_lam0200_warm020_tau020_bs32_domain_class_balanced\target_E2\seed_42\metrics.json,pa_csi_dg_supcon_lam0200_warm020_tau020_bs32_domain_class_balanced,42,E2,"[""E1"", ""E3""]",pairwise_supcon,0.2,20,0.2,0.2,0.2,32,domain_class_balanced,True,global_class_instance_views,0.0,0.0,0,accuracy,0.9991666666666666,0.9991666666666666,0.877,0.8534635925568689,0.8659185810358947,0.8472222222222222,0.8075946107823798,0.7002374354278442,7.803333333333334,1.0
outputs_supcon_warmup_sweep,outputs_supcon_warmup_sweep\dg_loeo\pa_csi_dg_supcon_lam0200_warm040_tau020_bs32_domain_class_balanced\target_E2\seed_42\metrics.json,pa_csi_dg_supcon_lam0200_warm040_tau020_bs32_domain_class_balanced,42,E2,"[""E1"", ""E3""]",pairwise_supcon,0.2,40,0.2,0.2,0.2,32,domain_class_balanced,True,global_class_instance_views,0.0,0.0,0,accuracy,0.9983333333333333,0.9983333333333333,0.8673333333333333,0.8426977305645561,0.8584220682560068,0.8393055555555556,0.8077833764096524,0.7382096542817429,7.803333333333334,1.0
